operation,path,method,url,help_url
restun,*,OPTIONS,https://craigdemo.thereforeonline.com/theservice/v0001/restun/,https://craigdemo.thereforeonline.com/theservice/v0001/restun/help/operations/CrossOriginOptionsSupport
AddComment,/AddComment,POST,https://craigdemo.thereforeonline.com/theservice/v0001/restun/AddComment,https://craigdemo.thereforeonline.com/theservice/v0001/restun/help/operations/AddComment
AddDictionaryKeyword,/AddDictionaryKeyword,POST,https://craigdemo.thereforeonline.com/theservice/v0001/restun/AddDictionaryKeyword,https://craigdemo.thereforeonline.com/theservice/v0001/restun/help/operations/AddDictionaryKeyword
AddStreamsToDocument,/AddStreamsToDocument,POST,https://craigdemo.thereforeonline.com/theservice/v0001/restun/AddStreamsToDocument,https://craigdemo.thereforeonline.com/theservice/v0001/restun/help/operations/AddStreamsToDocument
ApplyDependency,/ApplyDependency,POST,https://craigdemo.thereforeonline.com/theservice/v0001/restun/ApplyDependency,https://craigdemo.thereforeonline.com/theservice/v0001/restun/help/operations/ApplyDependency
CancelSearchSession,/CancelSearchSession,POST,https://craigdemo.thereforeonline.com/theservice/v0001/restun/CancelSearchSession,https://craigdemo.thereforeonline.com/theservice/v0001/restun/help/operations/CancelSearchSession
ChangeUserPassword,/ChangeUserPassword,POST,https://craigdemo.thereforeonline.com/theservice/v0001/restun/ChangeUserPassword,https://craigdemo.thereforeonline.com/theservice/v0001/restun/help/operations/ChangeUserPassword
CheckInDocument,/CheckInDocument,POST,https://craigdemo.thereforeonline.com/theservice/v0001/restun/CheckInDocument,https://craigdemo.thereforeonline.com/theservice/v0001/restun/help/operations/CheckInDocument
CheckOutDocument,/CheckOutDocument,POST,https://craigdemo.thereforeonline.com/theservice/v0001/restun/CheckOutDocument,https://craigdemo.thereforeonline.com/theservice/v0001/restun/help/operations/CheckOutDocument
ClaimWorkflowInstance,/ClaimWorkflowInstance,POST,https://craigdemo.thereforeonline.com/theservice/v0001/restun/ClaimWorkflowInstance,https://craigdemo.thereforeonline.com/theservice/v0001/restun/help/operations/ClaimWorkflowInstance
ClearLocalCache,/ClearLocalCache,POST,https://craigdemo.thereforeonline.com/theservice/v0001/restun/ClearLocalCache,https://craigdemo.thereforeonline.com/theservice/v0001/restun/help/operations/ClearLocalCache
ClearServerCache,/ClearServerCache,POST,https://craigdemo.thereforeonline.com/theservice/v0001/restun/ClearServerCache,https://craigdemo.thereforeonline.com/theservice/v0001/restun/help/operations/ClearServerCache
ClearWorkflowInstanceErrors,/ClearWorkflowInstanceErrors,POST,https://craigdemo.thereforeonline.com/theservice/v0001/restun/ClearWorkflowInstanceErrors,https://craigdemo.thereforeonline.com/theservice/v0001/restun/help/operations/ClearWorkflowInstanceErrors
CloseCase,/CloseCase,POST,https://craigdemo.thereforeonline.com/theservice/v0001/restun/CloseCase,https://craigdemo.thereforeonline.com/theservice/v0001/restun/help/operations/CloseCase
CompleteTask,/CompleteTask,POST,https://craigdemo.thereforeonline.com/theservice/v0001/restun/CompleteTask,https://craigdemo.thereforeonline.com/theservice/v0001/restun/help/operations/CompleteTask
CopyEForm,/CopyEForm,POST,https://craigdemo.thereforeonline.com/theservice/v0001/restun/CopyEForm,https://craigdemo.thereforeonline.com/theservice/v0001/restun/help/operations/CopyEForm
CreateCase,/CreateCase,POST,https://craigdemo.thereforeonline.com/theservice/v0001/restun/CreateCase,https://craigdemo.thereforeonline.com/theservice/v0001/restun/help/operations/CreateCase
CreateDocument,/CreateDocument,POST,https://craigdemo.thereforeonline.com/theservice/v0001/restun/CreateDocument,https://craigdemo.thereforeonline.com/theservice/v0001/restun/help/operations/CreateDocument
CreateLinkFile,/CreateLinkFile,POST,https://craigdemo.thereforeonline.com/theservice/v0001/restun/CreateLinkFile,https://craigdemo.thereforeonline.com/theservice/v0001/restun/help/operations/CreateLinkFile
CreateNewManualLink,/CreateNewManualLink,POST,https://craigdemo.thereforeonline.com/theservice/v0001/restun/CreateNewManualLink,https://craigdemo.thereforeonline.com/theservice/v0001/restun/help/operations/CreateNewManualLink
CreateQuery,/CreateQuery,POST,https://craigdemo.thereforeonline.com/theservice/v0001/restun/CreateQuery,https://craigdemo.thereforeonline.com/theservice/v0001/restun/help/operations/CreateQuery
CreateRole,/CreateRole,POST,https://craigdemo.thereforeonline.com/theservice/v0001/restun/CreateRole,https://craigdemo.thereforeonline.com/theservice/v0001/restun/help/operations/CreateRole
CreateSharedLink,/CreateSharedLink,POST,https://craigdemo.thereforeonline.com/theservice/v0001/restun/CreateSharedLink,https://craigdemo.thereforeonline.com/theservice/v0001/restun/help/operations/CreateSharedLink
CreateUser,/CreateUser,POST,https://craigdemo.thereforeonline.com/theservice/v0001/restun/CreateUser,https://craigdemo.thereforeonline.com/theservice/v0001/restun/help/operations/CreateUser
CreateWorkflowUserInboxSubscription,/CreateWorkflowUserInboxSubscription,POST,https://craigdemo.thereforeonline.com/theservice/v0001/restun/CreateWorkflowUserInboxSubscription,https://craigdemo.thereforeonline.com/theservice/v0001/restun/help/operations/CreateWorkflowUserInboxSubscription
DelegateWorkflowInstance,/DelegateWorkflowInstance,POST,https://craigdemo.thereforeonline.com/theservice/v0001/restun/DelegateWorkflowInstance,https://craigdemo.thereforeonline.com/theservice/v0001/restun/help/operations/DelegateWorkflowInstance
DeleteCase,/DeleteCase,POST,https://craigdemo.thereforeonline.com/theservice/v0001/restun/DeleteCase,https://craigdemo.thereforeonline.com/theservice/v0001/restun/help/operations/DeleteCase
DeleteDashboard,/DeleteDashboard,POST,https://craigdemo.thereforeonline.com/theservice/v0001/restun/DeleteDashboard,https://craigdemo.thereforeonline.com/theservice/v0001/restun/help/operations/DeleteDashboard
DeleteDictionaryKeyword,/DeleteDictionaryKeyword,POST,https://craigdemo.thereforeonline.com/theservice/v0001/restun/DeleteDictionaryKeyword,https://craigdemo.thereforeonline.com/theservice/v0001/restun/help/operations/DeleteDictionaryKeyword
DeleteDocument,/DeleteDocument,POST,https://craigdemo.thereforeonline.com/theservice/v0001/restun/DeleteDocument,https://craigdemo.thereforeonline.com/theservice/v0001/restun/help/operations/DeleteDocument
DeleteEForm,/DeleteEForm,POST,https://craigdemo.thereforeonline.com/theservice/v0001/restun/DeleteEForm,https://craigdemo.thereforeonline.com/theservice/v0001/restun/help/operations/DeleteEForm
DeleteEFormDraftSubmission,/DeleteEFormDraftSubmission,POST,https://craigdemo.thereforeonline.com/theservice/v0001/restun/DeleteEFormDraftSubmission,https://craigdemo.thereforeonline.com/theservice/v0001/restun/help/operations/DeleteEFormDraftSubmission
DeleteFolder,/DeleteFolder,POST,https://craigdemo.thereforeonline.com/theservice/v0001/restun/DeleteFolder,https://craigdemo.thereforeonline.com/theservice/v0001/restun/help/operations/DeleteFolder
DeleteOfficeDocumentInCloud,/DeleteOfficeDocumentInCloud,POST,https://craigdemo.thereforeonline.com/theservice/v0001/restun/DeleteOfficeDocumentInCloud,https://craigdemo.thereforeonline.com/theservice/v0001/restun/help/operations/DeleteOfficeDocumentInCloud
DeleteOutOfOfficeInfoForUser,/DeleteOutOfOfficeInfoForUser,POST,https://craigdemo.thereforeonline.com/theservice/v0001/restun/DeleteOutOfOfficeInfoForUser,https://craigdemo.thereforeonline.com/theservice/v0001/restun/help/operations/DeleteOutOfOfficeInfoForUser
DeletePortalUser,/DeletePortalUser,POST,https://craigdemo.thereforeonline.com/theservice/v0001/restun/DeletePortalUser,https://craigdemo.thereforeonline.com/theservice/v0001/restun/help/operations/DeletePortalUser
DeleteQuery,/DeleteQuery,POST,https://craigdemo.thereforeonline.com/theservice/v0001/restun/DeleteQuery,https://craigdemo.thereforeonline.com/theservice/v0001/restun/help/operations/DeleteQuery
DeleteRole,/DeleteRole,POST,https://craigdemo.thereforeonline.com/theservice/v0001/restun/DeleteRole,https://craigdemo.thereforeonline.com/theservice/v0001/restun/help/operations/DeleteRole
DeleteTask,/DeleteTask,POST,https://craigdemo.thereforeonline.com/theservice/v0001/restun/DeleteTask,https://craigdemo.thereforeonline.com/theservice/v0001/restun/help/operations/DeleteTask
DeleteUserDashboards,/DeleteUserDashboards,POST,https://craigdemo.thereforeonline.com/theservice/v0001/restun/DeleteUserDashboards,https://craigdemo.thereforeonline.com/theservice/v0001/restun/help/operations/DeleteUserDashboards
DeleteUserFavorites,/DeleteUserFavorites,POST,https://craigdemo.thereforeonline.com/theservice/v0001/restun/DeleteUserFavorites,https://craigdemo.thereforeonline.com/theservice/v0001/restun/help/operations/DeleteUserFavorites
DeleteWorkflowInstance,/DeleteWorkflowInstance,POST,https://craigdemo.thereforeonline.com/theservice/v0001/restun/DeleteWorkflowInstance,https://craigdemo.thereforeonline.com/theservice/v0001/restun/help/operations/DeleteWorkflowInstance
DisclaimWorkflowInstance,/DisclaimWorkflowInstance,POST,https://craigdemo.thereforeonline.com/theservice/v0001/restun/DisclaimWorkflowInstance,https://craigdemo.thereforeonline.com/theservice/v0001/restun/help/operations/DisclaimWorkflowInstance
EditComment,/EditComment,POST,https://craigdemo.thereforeonline.com/theservice/v0001/restun/EditComment,https://craigdemo.thereforeonline.com/theservice/v0001/restun/help/operations/EditComment
EditOfficeDocumentInCloud,/EditOfficeDocumentInCloud,POST,https://craigdemo.thereforeonline.com/theservice/v0001/restun/EditOfficeDocumentInCloud,https://craigdemo.thereforeonline.com/theservice/v0001/restun/help/operations/EditOfficeDocumentInCloud
EraseAllObjects,/EraseAllObjects,POST,https://craigdemo.thereforeonline.com/theservice/v0001/restun/EraseAllObjects,https://craigdemo.thereforeonline.com/theservice/v0001/restun/help/operations/EraseAllObjects
EraseObjects,/EraseObjects,POST,https://craigdemo.thereforeonline.com/theservice/v0001/restun/EraseObjects,https://craigdemo.thereforeonline.com/theservice/v0001/restun/help/operations/EraseObjects
EvaluateConditionalProperties,/EvaluateConditionalProperties,POST,https://craigdemo.thereforeonline.com/theservice/v0001/restun/EvaluateConditionalProperties,https://craigdemo.thereforeonline.com/theservice/v0001/restun/help/operations/EvaluateConditionalProperties
ExecuteAsyncFullTextQuery,/ExecuteAsyncFullTextQuery,POST,https://craigdemo.thereforeonline.com/theservice/v0001/restun/ExecuteAsyncFullTextQuery,https://craigdemo.thereforeonline.com/theservice/v0001/restun/help/operations/ExecuteAsyncFullTextQuery
ExecuteAsyncMultiQuery,/ExecuteAsyncMultiQuery,POST,https://craigdemo.thereforeonline.com/theservice/v0001/restun/ExecuteAsyncMultiQuery,https://craigdemo.thereforeonline.com/theservice/v0001/restun/help/operations/ExecuteAsyncMultiQuery
ExecuteAsyncSingleQuery,/ExecuteAsyncSingleQuery,POST,https://craigdemo.thereforeonline.com/theservice/v0001/restun/ExecuteAsyncSingleQuery,https://craigdemo.thereforeonline.com/theservice/v0001/restun/help/operations/ExecuteAsyncSingleQuery
ExecuteDependentFieldsQuery,/ExecuteDependentFieldsQuery,POST,https://craigdemo.thereforeonline.com/theservice/v0001/restun/ExecuteDependentFieldsQuery,https://craigdemo.thereforeonline.com/theservice/v0001/restun/help/operations/ExecuteDependentFieldsQuery
ExecuteFullTextQuery,/ExecuteFullTextQuery,POST,https://craigdemo.thereforeonline.com/theservice/v0001/restun/ExecuteFullTextQuery,https://craigdemo.thereforeonline.com/theservice/v0001/restun/help/operations/ExecuteFullTextQuery
ExecuteMultiQuery,/ExecuteMultiQuery,POST,https://craigdemo.thereforeonline.com/theservice/v0001/restun/ExecuteMultiQuery,https://craigdemo.thereforeonline.com/theservice/v0001/restun/help/operations/ExecuteMultiQuery
ExecutePortalQuery,/ExecutePortalQuery,POST,https://craigdemo.thereforeonline.com/theservice/v0001/restun/ExecutePortalQuery,https://craigdemo.thereforeonline.com/theservice/v0001/restun/help/operations/ExecutePortalQuery
ExecuteRecycleBinQuery,/ExecuteRecycleBinQuery,POST,https://craigdemo.thereforeonline.com/theservice/v0001/restun/ExecuteRecycleBinQuery,https://craigdemo.thereforeonline.com/theservice/v0001/restun/help/operations/ExecuteRecycleBinQuery
ExecuteReport,/ExecuteReport,POST,https://craigdemo.thereforeonline.com/theservice/v0001/restun/ExecuteReport,https://craigdemo.thereforeonline.com/theservice/v0001/restun/help/operations/ExecuteReport
ExecuteSimpleQuery,/ExecuteSimpleQuery,POST,https://craigdemo.thereforeonline.com/theservice/v0001/restun/ExecuteSimpleQuery,https://craigdemo.thereforeonline.com/theservice/v0001/restun/help/operations/ExecuteSimpleQuery
ExecuteSingleQuery,/ExecuteSingleQuery,POST,https://craigdemo.thereforeonline.com/theservice/v0001/restun/ExecuteSingleQuery,https://craigdemo.thereforeonline.com/theservice/v0001/restun/help/operations/ExecuteSingleQuery
ExecuteStatisticsQuery,/ExecuteStatisticsQuery,POST,https://craigdemo.thereforeonline.com/theservice/v0001/restun/ExecuteStatisticsQuery,https://craigdemo.thereforeonline.com/theservice/v0001/restun/help/operations/ExecuteStatisticsQuery
ExecuteTaskInfoQuery,/ExecuteTaskInfoQuery,POST,https://craigdemo.thereforeonline.com/theservice/v0001/restun/ExecuteTaskInfoQuery,https://craigdemo.thereforeonline.com/theservice/v0001/restun/help/operations/ExecuteTaskInfoQuery
ExecuteUsersQuery,/ExecuteUsersQuery,POST,https://craigdemo.thereforeonline.com/theservice/v0001/restun/ExecuteUsersQuery,https://craigdemo.thereforeonline.com/theservice/v0001/restun/help/operations/ExecuteUsersQuery
ExecuteWorkflowQueryForAll,/ExecuteWorkflowQueryForAll,POST,https://craigdemo.thereforeonline.com/theservice/v0001/restun/ExecuteWorkflowQueryForAll,https://craigdemo.thereforeonline.com/theservice/v0001/restun/help/operations/ExecuteWorkflowQueryForAll
ExecuteWorkflowQueryForProcess,/ExecuteWorkflowQueryForProcess,POST,https://craigdemo.thereforeonline.com/theservice/v0001/restun/ExecuteWorkflowQueryForProcess,https://craigdemo.thereforeonline.com/theservice/v0001/restun/help/operations/ExecuteWorkflowQueryForProcess
FillDependentFields,/FillDependentFields,POST,https://craigdemo.thereforeonline.com/theservice/v0001/restun/FillDependentFields,https://craigdemo.thereforeonline.com/theservice/v0001/restun/help/operations/FillDependentFields
FinishCurrentWorkflowTask,/FinishCurrentWorkflowTask,POST,https://craigdemo.thereforeonline.com/theservice/v0001/restun/FinishCurrentWorkflowTask,https://craigdemo.thereforeonline.com/theservice/v0001/restun/help/operations/FinishCurrentWorkflowTask
FinishedEditingOfficeDocumentInCloud,/FinishedEditingOfficeDocumentInCloud,POST,https://craigdemo.thereforeonline.com/theservice/v0001/restun/FinishedEditingOfficeDocumentInCloud,https://craigdemo.thereforeonline.com/theservice/v0001/restun/help/operations/FinishedEditingOfficeDocumentInCloud
GenerateWebRefererenceNo,/GenerateWebRefererenceNo,POST,https://craigdemo.thereforeonline.com/theservice/v0001/restun/GenerateWebRefererenceNo,https://craigdemo.thereforeonline.com/theservice/v0001/restun/help/operations/GenerateWebRefererenceNo
GetAllTreeViews,/GetAllTreeViews,POST,https://craigdemo.thereforeonline.com/theservice/v0001/restun/GetAllTreeViews,https://craigdemo.thereforeonline.com/theservice/v0001/restun/help/operations/GetAllTreeViews
GetCase,/GetCase,POST,https://craigdemo.thereforeonline.com/theservice/v0001/restun/GetCase,https://craigdemo.thereforeonline.com/theservice/v0001/restun/help/operations/GetCase
GetCaseDefinition,/GetCaseDefinition,POST,https://craigdemo.thereforeonline.com/theservice/v0001/restun/GetCaseDefinition,https://craigdemo.thereforeonline.com/theservice/v0001/restun/help/operations/GetCaseDefinition
GetCaseDocuments,/GetCaseDocuments,POST,https://craigdemo.thereforeonline.com/theservice/v0001/restun/GetCaseDocuments,https://craigdemo.thereforeonline.com/theservice/v0001/restun/help/operations/GetCaseDocuments
GetCaseHistory,/GetCaseHistory,POST,https://craigdemo.thereforeonline.com/theservice/v0001/restun/GetCaseHistory,https://craigdemo.thereforeonline.com/theservice/v0001/restun/help/operations/GetCaseHistory
GetCaseHistory2,/GetCaseHistory2,POST,https://craigdemo.thereforeonline.com/theservice/v0001/restun/GetCaseHistory2,https://craigdemo.thereforeonline.com/theservice/v0001/restun/help/operations/GetCaseHistory2
GetCategoriesTree,/GetCategoriesTree,POST,https://craigdemo.thereforeonline.com/theservice/v0001/restun/GetCategoriesTree,https://craigdemo.thereforeonline.com/theservice/v0001/restun/help/operations/GetCategoriesTree
GetCategoryInfo,/GetCategoryInfo,POST,https://craigdemo.thereforeonline.com/theservice/v0001/restun/GetCategoryInfo,https://craigdemo.thereforeonline.com/theservice/v0001/restun/help/operations/GetCategoryInfo
GetClientDiscoveryInfo,/GetClientDiscoveryInfo,POST,https://craigdemo.thereforeonline.com/theservice/v0001/restun/GetClientDiscoveryInfo,https://craigdemo.thereforeonline.com/theservice/v0001/restun/help/operations/GetClientDiscoveryInfo
GetConnectedUser,/GetConnectedUser,POST,https://craigdemo.thereforeonline.com/theservice/v0001/restun/GetConnectedUser,https://craigdemo.thereforeonline.com/theservice/v0001/restun/help/operations/GetConnectedUser
GetConnectionToken,/GetConnectionToken,POST,https://craigdemo.thereforeonline.com/theservice/v0001/restun/GetConnectionToken,https://craigdemo.thereforeonline.com/theservice/v0001/restun/help/operations/GetConnectionToken
GetConnectionTokenFromADFSToken,/GetConnectionTokenFromADFSToken,POST,https://craigdemo.thereforeonline.com/theservice/v0001/restun/GetConnectionTokenFromADFSToken,https://craigdemo.thereforeonline.com/theservice/v0001/restun/help/operations/GetConnectionTokenFromADFSToken
GetConvertedDocStreams,/GetConvertedDocStreams,POST,https://craigdemo.thereforeonline.com/theservice/v0001/restun/GetConvertedDocStreams,https://craigdemo.thereforeonline.com/theservice/v0001/restun/help/operations/GetConvertedDocStreams
GetConvertedDocStreamsRaw,/GetConvertedDocStreamsRaw,POST,https://craigdemo.thereforeonline.com/theservice/v0001/restun/GetConvertedDocStreamsRaw,https://craigdemo.thereforeonline.com/theservice/v0001/restun/help/operations/GetConvertedDocStreamsRaw
GetDashboard,/GetDashboard,POST,https://craigdemo.thereforeonline.com/theservice/v0001/restun/GetDashboard,https://craigdemo.thereforeonline.com/theservice/v0001/restun/help/operations/GetDashboard
GetDictionaryInfo,/GetDictionaryInfo,POST,https://craigdemo.thereforeonline.com/theservice/v0001/restun/GetDictionaryInfo,https://craigdemo.thereforeonline.com/theservice/v0001/restun/help/operations/GetDictionaryInfo
GetDocument,/GetDocument,POST,https://craigdemo.thereforeonline.com/theservice/v0001/restun/GetDocument,https://craigdemo.thereforeonline.com/theservice/v0001/restun/help/operations/GetDocument
GetDocumentCheckoutStatus,/GetDocumentCheckoutStatus,POST,https://craigdemo.thereforeonline.com/theservice/v0001/restun/GetDocumentCheckoutStatus,https://craigdemo.thereforeonline.com/theservice/v0001/restun/help/operations/GetDocumentCheckoutStatus
GetDocumentHistory,/GetDocumentHistory,POST,https://craigdemo.thereforeonline.com/theservice/v0001/restun/GetDocumentHistory,https://craigdemo.thereforeonline.com/theservice/v0001/restun/help/operations/GetDocumentHistory
GetDocumentHistory2,/GetDocumentHistory2,POST,https://craigdemo.thereforeonline.com/theservice/v0001/restun/GetDocumentHistory2,https://craigdemo.thereforeonline.com/theservice/v0001/restun/help/operations/GetDocumentHistory2
GetDocumentIndexData,/GetDocumentIndexData,POST,https://craigdemo.thereforeonline.com/theservice/v0001/restun/GetDocumentIndexData,https://craigdemo.thereforeonline.com/theservice/v0001/restun/help/operations/GetDocumentIndexData
GetDocumentProperties,/GetDocumentProperties,POST,https://craigdemo.thereforeonline.com/theservice/v0001/restun/GetDocumentProperties,https://craigdemo.thereforeonline.com/theservice/v0001/restun/help/operations/GetDocumentProperties
GetDocumentStream,/GetDocumentStream,POST,https://craigdemo.thereforeonline.com/theservice/v0001/restun/GetDocumentStream,https://craigdemo.thereforeonline.com/theservice/v0001/restun/help/operations/GetDocumentStream
{STREAMNO},/GetDocumentStreamChunks/{docNo}/{versionNo}/{streamNo}/,GET,https://craigdemo.thereforeonline.com/theservice/v0001/restun/GetDocumentStreamChunks/{DOCNO}/{VERSIONNO}/{STREAMNO}/,https://craigdemo.thereforeonline.com/theservice/v0001/restun/help/operations/GetDocumentStreamChunks
GetDocumentStreamRaw,/GetDocumentStreamRaw,POST,https://craigdemo.thereforeonline.com/theservice/v0001/restun/GetDocumentStreamRaw,https://craigdemo.thereforeonline.com/theservice/v0001/restun/help/operations/GetDocumentStreamRaw
GetDomainInfo,/GetDomainInfo,POST,https://craigdemo.thereforeonline.com/theservice/v0001/restun/GetDomainInfo,https://craigdemo.thereforeonline.com/theservice/v0001/restun/help/operations/GetDomainInfo
GetEForm,/GetEForm,POST,https://craigdemo.thereforeonline.com/theservice/v0001/restun/GetEForm,https://craigdemo.thereforeonline.com/theservice/v0001/restun/help/operations/GetEForm
GetEFormAccessToken,/GetEFormAccessToken,POST,https://craigdemo.thereforeonline.com/theservice/v0001/restun/GetEFormAccessToken,https://craigdemo.thereforeonline.com/theservice/v0001/restun/help/operations/GetEFormAccessToken
GetFieldsSaveUsageOrder,/GetFieldsSaveUsageOrder,POST,https://craigdemo.thereforeonline.com/theservice/v0001/restun/GetFieldsSaveUsageOrder,https://craigdemo.thereforeonline.com/theservice/v0001/restun/help/operations/GetFieldsSaveUsageOrder
GetFieldsSearchUsageOrder,/GetFieldsSearchUsageOrder,POST,https://craigdemo.thereforeonline.com/theservice/v0001/restun/GetFieldsSearchUsageOrder,https://craigdemo.thereforeonline.com/theservice/v0001/restun/help/operations/GetFieldsSearchUsageOrder
GetFolder,/GetFolder,POST,https://craigdemo.thereforeonline.com/theservice/v0001/restun/GetFolder,https://craigdemo.thereforeonline.com/theservice/v0001/restun/help/operations/GetFolder
GetGlobalSettings,/GetGlobalSettings,POST,https://craigdemo.thereforeonline.com/theservice/v0001/restun/GetGlobalSettings,https://craigdemo.thereforeonline.com/theservice/v0001/restun/help/operations/GetGlobalSettings
GetJWTToken,/GetJWTToken,POST,https://craigdemo.thereforeonline.com/theservice/v0001/restun/GetJWTToken,https://craigdemo.thereforeonline.com/theservice/v0001/restun/help/operations/GetJWTToken
GetJWTTokenWithPasskey,/GetJWTTokenWithPasskey,POST,https://craigdemo.thereforeonline.com/theservice/v0001/restun/GetJWTTokenWithPasskey,https://craigdemo.thereforeonline.com/theservice/v0001/restun/help/operations/GetJWTTokenWithPasskey
GetKeywordsByFieldNo,/GetKeywordsByFieldNo,POST,https://craigdemo.thereforeonline.com/theservice/v0001/restun/GetKeywordsByFieldNo,https://craigdemo.thereforeonline.com/theservice/v0001/restun/help/operations/GetKeywordsByFieldNo
GetKeywordsByKeyDic,/GetKeywordsByKeyDic,POST,https://craigdemo.thereforeonline.com/theservice/v0001/restun/GetKeywordsByKeyDic,https://craigdemo.thereforeonline.com/theservice/v0001/restun/help/operations/GetKeywordsByKeyDic
GetLinkedObjects,/GetLinkedObjects,POST,https://craigdemo.thereforeonline.com/theservice/v0001/restun/GetLinkedObjects,https://craigdemo.thereforeonline.com/theservice/v0001/restun/help/operations/GetLinkedObjects
GetLinkedWorkflowsForDoc,/GetLinkedWorkflowsForDoc,POST,https://craigdemo.thereforeonline.com/theservice/v0001/restun/GetLinkedWorkflowsForDoc,https://craigdemo.thereforeonline.com/theservice/v0001/restun/help/operations/GetLinkedWorkflowsForDoc
GetLoginHistory,/GetLoginHistory,POST,https://craigdemo.thereforeonline.com/theservice/v0001/restun/GetLoginHistory,https://craigdemo.thereforeonline.com/theservice/v0001/restun/help/operations/GetLoginHistory
GetNextFullTextQueryRows,/GetNextFullTextQueryRows,POST,https://craigdemo.thereforeonline.com/theservice/v0001/restun/GetNextFullTextQueryRows,https://craigdemo.thereforeonline.com/theservice/v0001/restun/help/operations/GetNextFullTextQueryRows
GetNextMultiQueryRows,/GetNextMultiQueryRows,POST,https://craigdemo.thereforeonline.com/theservice/v0001/restun/GetNextMultiQueryRows,https://craigdemo.thereforeonline.com/theservice/v0001/restun/help/operations/GetNextMultiQueryRows
GetNextSearchSessionHits,/GetNextSearchSessionHits,POST,https://craigdemo.thereforeonline.com/theservice/v0001/restun/GetNextSearchSessionHits,https://craigdemo.thereforeonline.com/theservice/v0001/restun/help/operations/GetNextSearchSessionHits
GetNextSingleQueryRows,/GetNextSingleQueryRows,POST,https://craigdemo.thereforeonline.com/theservice/v0001/restun/GetNextSingleQueryRows,https://craigdemo.thereforeonline.com/theservice/v0001/restun/help/operations/GetNextSingleQueryRows
GetNotificationSubscriptions,/GetNotificationSubscriptions,POST,https://craigdemo.thereforeonline.com/theservice/v0001/restun/GetNotificationSubscriptions,https://craigdemo.thereforeonline.com/theservice/v0001/restun/help/operations/GetNotificationSubscriptions
GetObjectRights,/GetObjectRights,POST,https://craigdemo.thereforeonline.com/theservice/v0001/restun/GetObjectRights,https://craigdemo.thereforeonline.com/theservice/v0001/restun/help/operations/GetObjectRights
GetObjects,/GetObjects,POST,https://craigdemo.thereforeonline.com/theservice/v0001/restun/GetObjects,https://craigdemo.thereforeonline.com/theservice/v0001/restun/help/operations/GetObjects
GetObjectsList,/GetObjectsList,POST,https://craigdemo.thereforeonline.com/theservice/v0001/restun/GetObjectsList,https://craigdemo.thereforeonline.com/theservice/v0001/restun/help/operations/GetObjectsList
GetOfficeDocumentsInCloud,/GetOfficeDocumentsInCloud,POST,https://craigdemo.thereforeonline.com/theservice/v0001/restun/GetOfficeDocumentsInCloud,https://craigdemo.thereforeonline.com/theservice/v0001/restun/help/operations/GetOfficeDocumentsInCloud
GetOutOfOfficeInfoForAllUsers,/GetOutOfOfficeInfoForAllUsers,POST,https://craigdemo.thereforeonline.com/theservice/v0001/restun/GetOutOfOfficeInfoForAllUsers,https://craigdemo.thereforeonline.com/theservice/v0001/restun/help/operations/GetOutOfOfficeInfoForAllUsers
GetOutOfOfficeInfoForUser,/GetOutOfOfficeInfoForUser,POST,https://craigdemo.thereforeonline.com/theservice/v0001/restun/GetOutOfOfficeInfoForUser,https://craigdemo.thereforeonline.com/theservice/v0001/restun/help/operations/GetOutOfOfficeInfoForUser
GetPermissionConstants,/GetPermissionConstants,POST,https://craigdemo.thereforeonline.com/theservice/v0001/restun/GetPermissionConstants,https://craigdemo.thereforeonline.com/theservice/v0001/restun/help/operations/GetPermissionConstants
GetPermissions,/GetPermissions,POST,https://craigdemo.thereforeonline.com/theservice/v0001/restun/GetPermissions,https://craigdemo.thereforeonline.com/theservice/v0001/restun/help/operations/GetPermissions
GetPortalQueries,/GetPortalQueries,GET,https://craigdemo.thereforeonline.com/theservice/v0001/restun/GetPortalQueries,https://craigdemo.thereforeonline.com/theservice/v0001/restun/help/operations/GetPortalQueries
GetPublicKeyCredentialCreationOptions,/GetPublicKeyCredentialCreationOptions,GET,https://craigdemo.thereforeonline.com/theservice/v0001/restun/GetPublicKeyCredentialCreationOptions,https://craigdemo.thereforeonline.com/theservice/v0001/restun/help/operations/GetPublicKeyCredentialCreationOptions
GetPublicKeyCredentialRequestOptions,/GetPublicKeyCredentialRequestOptions,POST,https://craigdemo.thereforeonline.com/theservice/v0001/restun/GetPublicKeyCredentialRequestOptions,https://craigdemo.thereforeonline.com/theservice/v0001/restun/help/operations/GetPublicKeyCredentialRequestOptions
GetPublicSettingInt,/GetPublicSettingInt,POST,https://craigdemo.thereforeonline.com/theservice/v0001/restun/GetPublicSettingInt,https://craigdemo.thereforeonline.com/theservice/v0001/restun/help/operations/GetPublicSettingInt
GetPublicSettings,/GetPublicSettings,POST,https://craigdemo.thereforeonline.com/theservice/v0001/restun/GetPublicSettings,https://craigdemo.thereforeonline.com/theservice/v0001/restun/help/operations/GetPublicSettings
GetPublicSettingString,/GetPublicSettingString,POST,https://craigdemo.thereforeonline.com/theservice/v0001/restun/GetPublicSettingString,https://craigdemo.thereforeonline.com/theservice/v0001/restun/help/operations/GetPublicSettingString
GetQuerySpecification,/GetQuerySpecification,POST,https://craigdemo.thereforeonline.com/theservice/v0001/restun/GetQuerySpecification,https://craigdemo.thereforeonline.com/theservice/v0001/restun/help/operations/GetQuerySpecification
GetReferencedTableInfo,/GetReferencedTableInfo,POST,https://craigdemo.thereforeonline.com/theservice/v0001/restun/GetReferencedTableInfo,https://craigdemo.thereforeonline.com/theservice/v0001/restun/help/operations/GetReferencedTableInfo
GetReportDefinition,/GetReportDefinition,POST,https://craigdemo.thereforeonline.com/theservice/v0001/restun/GetReportDefinition,https://craigdemo.thereforeonline.com/theservice/v0001/restun/help/operations/GetReportDefinition
GetRoleAssignments,/GetRoleAssignments,POST,https://craigdemo.thereforeonline.com/theservice/v0001/restun/GetRoleAssignments,https://craigdemo.thereforeonline.com/theservice/v0001/restun/help/operations/GetRoleAssignments
GetRolePermissionConstants,/GetRolePermissionConstants,POST,https://craigdemo.thereforeonline.com/theservice/v0001/restun/GetRolePermissionConstants,https://craigdemo.thereforeonline.com/theservice/v0001/restun/help/operations/GetRolePermissionConstants
GetRolePermissions,/GetRolePermissions,POST,https://craigdemo.thereforeonline.com/theservice/v0001/restun/GetRolePermissions,https://craigdemo.thereforeonline.com/theservice/v0001/restun/help/operations/GetRolePermissions
GetRoles,/GetRoles,POST,https://craigdemo.thereforeonline.com/theservice/v0001/restun/GetRoles,https://craigdemo.thereforeonline.com/theservice/v0001/restun/help/operations/GetRoles
GetSavedQuery,/GetSavedQuery,POST,https://craigdemo.thereforeonline.com/theservice/v0001/restun/GetSavedQuery,https://craigdemo.thereforeonline.com/theservice/v0001/restun/help/operations/GetSavedQuery
GetSettingInt,/GetSettingInt,POST,https://craigdemo.thereforeonline.com/theservice/v0001/restun/GetSettingInt,https://craigdemo.thereforeonline.com/theservice/v0001/restun/help/operations/GetSettingInt
GetSettings,/GetSettings,POST,https://craigdemo.thereforeonline.com/theservice/v0001/restun/GetSettings,https://craigdemo.thereforeonline.com/theservice/v0001/restun/help/operations/GetSettings
GetSettingString,/GetSettingString,POST,https://craigdemo.thereforeonline.com/theservice/v0001/restun/GetSettingString,https://craigdemo.thereforeonline.com/theservice/v0001/restun/help/operations/GetSettingString
GetSharedLink,/GetSharedLink,POST,https://craigdemo.thereforeonline.com/theservice/v0001/restun/GetSharedLink,https://craigdemo.thereforeonline.com/theservice/v0001/restun/help/operations/GetSharedLink
GetSharedLinksForDocument,/GetSharedLinksForDocument,POST,https://craigdemo.thereforeonline.com/theservice/v0001/restun/GetSharedLinksForDocument,https://craigdemo.thereforeonline.com/theservice/v0001/restun/help/operations/GetSharedLinksForDocument
GetSharedLinksSharedByMe,/GetSharedLinksSharedByMe,POST,https://craigdemo.thereforeonline.com/theservice/v0001/restun/GetSharedLinksSharedByMe,https://craigdemo.thereforeonline.com/theservice/v0001/restun/help/operations/GetSharedLinksSharedByMe
GetSharedLinksSharedWithMe,/GetSharedLinksSharedWithMe,POST,https://craigdemo.thereforeonline.com/theservice/v0001/restun/GetSharedLinksSharedWithMe,https://craigdemo.thereforeonline.com/theservice/v0001/restun/help/operations/GetSharedLinksSharedWithMe
GetSmartCaptureVerficationLink,/GetSmartCaptureVerficationLink,POST,https://craigdemo.thereforeonline.com/theservice/v0001/restun/GetSmartCaptureVerficationLink,https://craigdemo.thereforeonline.com/theservice/v0001/restun/help/operations/GetSmartCaptureVerficationLink
GetTask,/GetTask,POST,https://craigdemo.thereforeonline.com/theservice/v0001/restun/GetTask,https://craigdemo.thereforeonline.com/theservice/v0001/restun/help/operations/GetTask
GetTaskInfo,/GetTaskInfo,POST,https://craigdemo.thereforeonline.com/theservice/v0001/restun/GetTaskInfo,https://craigdemo.thereforeonline.com/theservice/v0001/restun/help/operations/GetTaskInfo
GetThumbnail,/GetThumbnail,POST,https://craigdemo.thereforeonline.com/theservice/v0001/restun/GetThumbnail,https://craigdemo.thereforeonline.com/theservice/v0001/restun/help/operations/GetThumbnail
GetTreeViewChildNodes,/GetTreeViewChildNodes,POST,https://craigdemo.thereforeonline.com/theservice/v0001/restun/GetTreeViewChildNodes,https://craigdemo.thereforeonline.com/theservice/v0001/restun/help/operations/GetTreeViewChildNodes
GetTreeViewChildNodesAndDocuments,/GetTreeViewChildNodesAndDocuments,POST,https://craigdemo.thereforeonline.com/theservice/v0001/restun/GetTreeViewChildNodesAndDocuments,https://craigdemo.thereforeonline.com/theservice/v0001/restun/help/operations/GetTreeViewChildNodesAndDocuments
GetTreeViewNodeDocuments,/GetTreeViewNodeDocuments,POST,https://craigdemo.thereforeonline.com/theservice/v0001/restun/GetTreeViewNodeDocuments,https://craigdemo.thereforeonline.com/theservice/v0001/restun/help/operations/GetTreeViewNodeDocuments
GetUserDashboards,/GetUserDashboards,POST,https://craigdemo.thereforeonline.com/theservice/v0001/restun/GetUserDashboards,https://craigdemo.thereforeonline.com/theservice/v0001/restun/help/operations/GetUserDashboards
GetUserDetails,/GetUserDetails,POST,https://craigdemo.thereforeonline.com/theservice/v0001/restun/GetUserDetails,https://craigdemo.thereforeonline.com/theservice/v0001/restun/help/operations/GetUserDetails
GetUserFavorites,/GetUserFavorites,POST,https://craigdemo.thereforeonline.com/theservice/v0001/restun/GetUserFavorites,https://craigdemo.thereforeonline.com/theservice/v0001/restun/help/operations/GetUserFavorites
GetUserGroupNo,/GetUserGroupNo,POST,https://craigdemo.thereforeonline.com/theservice/v0001/restun/GetUserGroupNo,https://craigdemo.thereforeonline.com/theservice/v0001/restun/help/operations/GetUserGroupNo
GetUserSettingInt,/GetUserSettingInt,POST,https://craigdemo.thereforeonline.com/theservice/v0001/restun/GetUserSettingInt,https://craigdemo.thereforeonline.com/theservice/v0001/restun/help/operations/GetUserSettingInt
GetUserSettings,/GetUserSettings,POST,https://craigdemo.thereforeonline.com/theservice/v0001/restun/GetUserSettings,https://craigdemo.thereforeonline.com/theservice/v0001/restun/help/operations/GetUserSettings
GetUserSettingString,/GetUserSettingString,POST,https://craigdemo.thereforeonline.com/theservice/v0001/restun/GetUserSettingString,https://craigdemo.thereforeonline.com/theservice/v0001/restun/help/operations/GetUserSettingString
GetUsersFromGroup,/GetUsersFromGroup,POST,https://craigdemo.thereforeonline.com/theservice/v0001/restun/GetUsersFromGroup,https://craigdemo.thereforeonline.com/theservice/v0001/restun/help/operations/GetUsersFromGroup
GetViewingPages,/GetViewingPages,POST,https://craigdemo.thereforeonline.com/theservice/v0001/restun/GetViewingPages,https://craigdemo.thereforeonline.com/theservice/v0001/restun/help/operations/GetViewingPages
GetViewingThumbnails,/GetViewingThumbnails,POST,https://craigdemo.thereforeonline.com/theservice/v0001/restun/GetViewingThumbnails,https://craigdemo.thereforeonline.com/theservice/v0001/restun/help/operations/GetViewingThumbnails
GetWebAPIServerVersion,/GetWebAPIServerVersion,POST,https://craigdemo.thereforeonline.com/theservice/v0001/restun/GetWebAPIServerVersion,https://craigdemo.thereforeonline.com/theservice/v0001/restun/help/operations/GetWebAPIServerVersion
GetWorkflowHistory,/GetWorkflowHistory,POST,https://craigdemo.thereforeonline.com/theservice/v0001/restun/GetWorkflowHistory,https://craigdemo.thereforeonline.com/theservice/v0001/restun/help/operations/GetWorkflowHistory
GetWorkflowInstance,/GetWorkflowInstance,POST,https://craigdemo.thereforeonline.com/theservice/v0001/restun/GetWorkflowInstance,https://craigdemo.thereforeonline.com/theservice/v0001/restun/help/operations/GetWorkflowInstance
GetWorkflowProcess,/GetWorkflowProcess,POST,https://craigdemo.thereforeonline.com/theservice/v0001/restun/GetWorkflowProcess,https://craigdemo.thereforeonline.com/theservice/v0001/restun/help/operations/GetWorkflowProcess
GetWorkflowTaskSettings,/GetWorkflowTaskSettings,POST,https://craigdemo.thereforeonline.com/theservice/v0001/restun/GetWorkflowTaskSettings,https://craigdemo.thereforeonline.com/theservice/v0001/restun/help/operations/GetWorkflowTaskSettings
HandleESignaturePushNotification,/HandleESignaturePushNotification,POST,https://craigdemo.thereforeonline.com/theservice/v0001/restun/HandleESignaturePushNotification,https://craigdemo.thereforeonline.com/theservice/v0001/restun/help/operations/HandleESignaturePushNotification
HasPermissions,/HasPermissions,POST,https://craigdemo.thereforeonline.com/theservice/v0001/restun/HasPermissions,https://craigdemo.thereforeonline.com/theservice/v0001/restun/help/operations/HasPermissions
HasRolePermission,/HasRolePermission,POST,https://craigdemo.thereforeonline.com/theservice/v0001/restun/HasRolePermission,https://craigdemo.thereforeonline.com/theservice/v0001/restun/help/operations/HasRolePermission
HasRolePermissions,/HasRolePermissions,POST,https://craigdemo.thereforeonline.com/theservice/v0001/restun/HasRolePermissions,https://craigdemo.thereforeonline.com/theservice/v0001/restun/help/operations/HasRolePermissions
LinkCases,/LinkCases,POST,https://craigdemo.thereforeonline.com/theservice/v0001/restun/LinkCases,https://craigdemo.thereforeonline.com/theservice/v0001/restun/help/operations/LinkCases
LinkCaseToDocument,/LinkCaseToDocument,POST,https://craigdemo.thereforeonline.com/theservice/v0001/restun/LinkCaseToDocument,https://craigdemo.thereforeonline.com/theservice/v0001/restun/help/operations/LinkCaseToDocument
LinkDocAndWFInstance,/LinkDocAndWFInstance,POST,https://craigdemo.thereforeonline.com/theservice/v0001/restun/LinkDocAndWFInstance,https://craigdemo.thereforeonline.com/theservice/v0001/restun/help/operations/LinkDocAndWFInstance
LinkDocuments,/LinkDocuments,POST,https://craigdemo.thereforeonline.com/theservice/v0001/restun/LinkDocuments,https://craigdemo.thereforeonline.com/theservice/v0001/restun/help/operations/LinkDocuments
ListPasskeys,/ListPasskeys,POST,https://craigdemo.thereforeonline.com/theservice/v0001/restun/ListPasskeys,https://craigdemo.thereforeonline.com/theservice/v0001/restun/help/operations/ListPasskeys
LoadComments,/LoadComments,POST,https://craigdemo.thereforeonline.com/theservice/v0001/restun/LoadComments,https://craigdemo.thereforeonline.com/theservice/v0001/restun/help/operations/LoadComments
MoveDocument,/MoveDocument,POST,https://craigdemo.thereforeonline.com/theservice/v0001/restun/MoveDocument,https://craigdemo.thereforeonline.com/theservice/v0001/restun/help/operations/MoveDocument
MoveUserLicense,/MoveUserLicense,POST,https://craigdemo.thereforeonline.com/theservice/v0001/restun/MoveUserLicense,https://craigdemo.thereforeonline.com/theservice/v0001/restun/help/operations/MoveUserLicense
PrepareViewing,/PrepareViewing,POST,https://craigdemo.thereforeonline.com/theservice/v0001/restun/PrepareViewing,https://craigdemo.thereforeonline.com/theservice/v0001/restun/help/operations/PrepareViewing
PreprocessIndexData,/PreprocessIndexData,POST,https://craigdemo.thereforeonline.com/theservice/v0001/restun/PreprocessIndexData,https://craigdemo.thereforeonline.com/theservice/v0001/restun/help/operations/PreprocessIndexData
PreprocessTableRow,/PreprocessTableRow,POST,https://craigdemo.thereforeonline.com/theservice/v0001/restun/PreprocessTableRow,https://craigdemo.thereforeonline.com/theservice/v0001/restun/help/operations/PreprocessTableRow
QueryDependentFieldsDirect,/QueryDependentFieldsDirect,POST,https://craigdemo.thereforeonline.com/theservice/v0001/restun/QueryDependentFieldsDirect,https://craigdemo.thereforeonline.com/theservice/v0001/restun/help/operations/QueryDependentFieldsDirect
RefreshNotificationSubscriptions,/RefreshNotificationSubscriptions,POST,https://craigdemo.thereforeonline.com/theservice/v0001/restun/RefreshNotificationSubscriptions,https://craigdemo.thereforeonline.com/theservice/v0001/restun/help/operations/RefreshNotificationSubscriptions
RegisterPasskey,/RegisterPasskey,POST,https://craigdemo.thereforeonline.com/theservice/v0001/restun/RegisterPasskey,https://craigdemo.thereforeonline.com/theservice/v0001/restun/help/operations/RegisterPasskey
ReleaseFullTextQuery,/ReleaseFullTextQuery,POST,https://craigdemo.thereforeonline.com/theservice/v0001/restun/ReleaseFullTextQuery,https://craigdemo.thereforeonline.com/theservice/v0001/restun/help/operations/ReleaseFullTextQuery
ReleaseMultiQuery,/ReleaseMultiQuery,POST,https://craigdemo.thereforeonline.com/theservice/v0001/restun/ReleaseMultiQuery,https://craigdemo.thereforeonline.com/theservice/v0001/restun/help/operations/ReleaseMultiQuery
ReleaseSingleQuery,/ReleaseSingleQuery,POST,https://craigdemo.thereforeonline.com/theservice/v0001/restun/ReleaseSingleQuery,https://craigdemo.thereforeonline.com/theservice/v0001/restun/help/operations/ReleaseSingleQuery
RemoveManualLink,/RemoveManualLink,POST,https://craigdemo.thereforeonline.com/theservice/v0001/restun/RemoveManualLink,https://craigdemo.thereforeonline.com/theservice/v0001/restun/help/operations/RemoveManualLink
RemoveNotificationSubscriptions,/RemoveNotificationSubscriptions,POST,https://craigdemo.thereforeonline.com/theservice/v0001/restun/RemoveNotificationSubscriptions,https://craigdemo.thereforeonline.com/theservice/v0001/restun/help/operations/RemoveNotificationSubscriptions
RenameObject,/RenameObject,POST,https://craigdemo.thereforeonline.com/theservice/v0001/restun/RenameObject,https://craigdemo.thereforeonline.com/theservice/v0001/restun/help/operations/RenameObject
RenamePasskey,/RenamePasskey,POST,https://craigdemo.thereforeonline.com/theservice/v0001/restun/RenamePasskey,https://craigdemo.thereforeonline.com/theservice/v0001/restun/help/operations/RenamePasskey
ReopenCase,/ReopenCase,POST,https://craigdemo.thereforeonline.com/theservice/v0001/restun/ReopenCase,https://craigdemo.thereforeonline.com/theservice/v0001/restun/help/operations/ReopenCase
ReorderDocumentStreams,/ReorderDocumentStreams,POST,https://craigdemo.thereforeonline.com/theservice/v0001/restun/ReorderDocumentStreams,https://craigdemo.thereforeonline.com/theservice/v0001/restun/help/operations/ReorderDocumentStreams
RerouteWorkflowInstance,/RerouteWorkflowInstance,POST,https://craigdemo.thereforeonline.com/theservice/v0001/restun/RerouteWorkflowInstance,https://craigdemo.thereforeonline.com/theservice/v0001/restun/help/operations/RerouteWorkflowInstance
ResetReferencedWebService,/ResetReferencedWebService,POST,https://craigdemo.thereforeonline.com/theservice/v0001/restun/ResetReferencedWebService,https://craigdemo.thereforeonline.com/theservice/v0001/restun/help/operations/ResetReferencedWebService
ResetUserPwd,/ResetUserPwd,POST,https://craigdemo.thereforeonline.com/theservice/v0001/restun/ResetUserPwd,https://craigdemo.thereforeonline.com/theservice/v0001/restun/help/operations/ResetUserPwd
ResolveSharedLink,/ResolveSharedLink,POST,https://craigdemo.thereforeonline.com/theservice/v0001/restun/ResolveSharedLink,https://craigdemo.thereforeonline.com/theservice/v0001/restun/help/operations/ResolveSharedLink
RestoreDeletedCase,/RestoreDeletedCase,POST,https://craigdemo.thereforeonline.com/theservice/v0001/restun/RestoreDeletedCase,https://craigdemo.thereforeonline.com/theservice/v0001/restun/help/operations/RestoreDeletedCase
RestoreDeletedDocument,/RestoreDeletedDocument,POST,https://craigdemo.thereforeonline.com/theservice/v0001/restun/RestoreDeletedDocument,https://craigdemo.thereforeonline.com/theservice/v0001/restun/help/operations/RestoreDeletedDocument
RevertEditedOfficeDocumentsInCloud,/RevertEditedOfficeDocumentsInCloud,POST,https://craigdemo.thereforeonline.com/theservice/v0001/restun/RevertEditedOfficeDocumentsInCloud,https://craigdemo.thereforeonline.com/theservice/v0001/restun/help/operations/RevertEditedOfficeDocumentsInCloud
RevokePasskey,/RevokePasskey,POST,https://craigdemo.thereforeonline.com/theservice/v0001/restun/RevokePasskey,https://craigdemo.thereforeonline.com/theservice/v0001/restun/help/operations/RevokePasskey
RevokeSharedLink,/RevokeSharedLink,POST,https://craigdemo.thereforeonline.com/theservice/v0001/restun/RevokeSharedLink,https://craigdemo.thereforeonline.com/theservice/v0001/restun/help/operations/RevokeSharedLink
SaveCaseIndexData,/SaveCaseIndexData,POST,https://craigdemo.thereforeonline.com/theservice/v0001/restun/SaveCaseIndexData,https://craigdemo.thereforeonline.com/theservice/v0001/restun/help/operations/SaveCaseIndexData
SaveCaseIndexDataQuick,/SaveCaseIndexDataQuick,POST,https://craigdemo.thereforeonline.com/theservice/v0001/restun/SaveCaseIndexDataQuick,https://craigdemo.thereforeonline.com/theservice/v0001/restun/help/operations/SaveCaseIndexDataQuick
SaveDashboard,/SaveDashboard,POST,https://craigdemo.thereforeonline.com/theservice/v0001/restun/SaveDashboard,https://craigdemo.thereforeonline.com/theservice/v0001/restun/help/operations/SaveDashboard
SaveDocumentIndexData,/SaveDocumentIndexData,POST,https://craigdemo.thereforeonline.com/theservice/v0001/restun/SaveDocumentIndexData,https://craigdemo.thereforeonline.com/theservice/v0001/restun/help/operations/SaveDocumentIndexData
SaveDocumentIndexDataQuick,/SaveDocumentIndexDataQuick,POST,https://craigdemo.thereforeonline.com/theservice/v0001/restun/SaveDocumentIndexDataQuick,https://craigdemo.thereforeonline.com/theservice/v0001/restun/help/operations/SaveDocumentIndexDataQuick
SaveEForm,/SaveEForm,POST,https://craigdemo.thereforeonline.com/theservice/v0001/restun/SaveEForm,https://craigdemo.thereforeonline.com/theservice/v0001/restun/help/operations/SaveEForm
SaveEFormDefaultSubmission,/SaveEFormDefaultSubmission,POST,https://craigdemo.thereforeonline.com/theservice/v0001/restun/SaveEFormDefaultSubmission,https://craigdemo.thereforeonline.com/theservice/v0001/restun/help/operations/SaveEFormDefaultSubmission
SaveEFormDraft,/SaveEFormDraft,POST,https://craigdemo.thereforeonline.com/theservice/v0001/restun/SaveEFormDraft,https://craigdemo.thereforeonline.com/theservice/v0001/restun/help/operations/SaveEFormDraft
SaveFolder,/SaveFolder,POST,https://craigdemo.thereforeonline.com/theservice/v0001/restun/SaveFolder,https://craigdemo.thereforeonline.com/theservice/v0001/restun/help/operations/SaveFolder
SaveOutOfOfficeInfoForUser,/SaveOutOfOfficeInfoForUser,POST,https://craigdemo.thereforeonline.com/theservice/v0001/restun/SaveOutOfOfficeInfoForUser,https://craigdemo.thereforeonline.com/theservice/v0001/restun/help/operations/SaveOutOfOfficeInfoForUser
SaveOutOfOfficeInfoForUserList,/SaveOutOfOfficeInfoForUserList,POST,https://craigdemo.thereforeonline.com/theservice/v0001/restun/SaveOutOfOfficeInfoForUserList,https://craigdemo.thereforeonline.com/theservice/v0001/restun/help/operations/SaveOutOfOfficeInfoForUserList
SavePortalUser,/SavePortalUser,POST,https://craigdemo.thereforeonline.com/theservice/v0001/restun/SavePortalUser,https://craigdemo.thereforeonline.com/theservice/v0001/restun/help/operations/SavePortalUser
SaveUserDashboards,/SaveUserDashboards,POST,https://craigdemo.thereforeonline.com/theservice/v0001/restun/SaveUserDashboards,https://craigdemo.thereforeonline.com/theservice/v0001/restun/help/operations/SaveUserDashboards
SaveUserFavorites,/SaveUserFavorites,POST,https://craigdemo.thereforeonline.com/theservice/v0001/restun/SaveUserFavorites,https://craigdemo.thereforeonline.com/theservice/v0001/restun/help/operations/SaveUserFavorites
SearchEFormSubmission,/SearchEFormSubmission,POST,https://craigdemo.thereforeonline.com/theservice/v0001/restun/SearchEFormSubmission,https://craigdemo.thereforeonline.com/theservice/v0001/restun/help/operations/SearchEFormSubmission
SetChecklistItemWorkflow,/SetChecklistItemWorkflow,POST,https://craigdemo.thereforeonline.com/theservice/v0001/restun/SetChecklistItemWorkflow,https://craigdemo.thereforeonline.com/theservice/v0001/restun/help/operations/SetChecklistItemWorkflow
SetParentFolder,/SetParentFolder,POST,https://craigdemo.thereforeonline.com/theservice/v0001/restun/SetParentFolder,https://craigdemo.thereforeonline.com/theservice/v0001/restun/help/operations/SetParentFolder
SetPermissions,/SetPermissions,POST,https://craigdemo.thereforeonline.com/theservice/v0001/restun/SetPermissions,https://craigdemo.thereforeonline.com/theservice/v0001/restun/help/operations/SetPermissions
SetTaskStatus,/SetTaskStatus,POST,https://craigdemo.thereforeonline.com/theservice/v0001/restun/SetTaskStatus,https://craigdemo.thereforeonline.com/theservice/v0001/restun/help/operations/SetTaskStatus
SetTextInfoWorkflow,/SetTextInfoWorkflow,POST,https://craigdemo.thereforeonline.com/theservice/v0001/restun/SetTextInfoWorkflow,https://craigdemo.thereforeonline.com/theservice/v0001/restun/help/operations/SetTextInfoWorkflow
SetUserPassword,/SetUserPassword,POST,https://craigdemo.thereforeonline.com/theservice/v0001/restun/SetUserPassword,https://craigdemo.thereforeonline.com/theservice/v0001/restun/help/operations/SetUserPassword
SetUserSettingInt,/SetUserSettingInt,POST,https://craigdemo.thereforeonline.com/theservice/v0001/restun/SetUserSettingInt,https://craigdemo.thereforeonline.com/theservice/v0001/restun/help/operations/SetUserSettingInt
SetUserSettings,/SetUserSettings,POST,https://craigdemo.thereforeonline.com/theservice/v0001/restun/SetUserSettings,https://craigdemo.thereforeonline.com/theservice/v0001/restun/help/operations/SetUserSettings
SetUserSettingString,/SetUserSettingString,POST,https://craigdemo.thereforeonline.com/theservice/v0001/restun/SetUserSettingString,https://craigdemo.thereforeonline.com/theservice/v0001/restun/help/operations/SetUserSettingString
SignOut,/SignOut,POST,https://craigdemo.thereforeonline.com/theservice/v0001/restun/SignOut,https://craigdemo.thereforeonline.com/theservice/v0001/restun/help/operations/SignOut
StartCreateDocumentBatch,/StartCreateDocumentBatch,POST,https://craigdemo.thereforeonline.com/theservice/v0001/restun/StartCreateDocumentBatch,https://craigdemo.thereforeonline.com/theservice/v0001/restun/help/operations/StartCreateDocumentBatch
StartSearchSession,/StartSearchSession,POST,https://craigdemo.thereforeonline.com/theservice/v0001/restun/StartSearchSession,https://craigdemo.thereforeonline.com/theservice/v0001/restun/help/operations/StartSearchSession
StartTask,/StartTask,POST,https://craigdemo.thereforeonline.com/theservice/v0001/restun/StartTask,https://craigdemo.thereforeonline.com/theservice/v0001/restun/help/operations/StartTask
StartTask2,/StartTask2,POST,https://craigdemo.thereforeonline.com/theservice/v0001/restun/StartTask2,https://craigdemo.thereforeonline.com/theservice/v0001/restun/help/operations/StartTask2
StartUpdateDocumentBatch,/StartUpdateDocumentBatch,POST,https://craigdemo.thereforeonline.com/theservice/v0001/restun/StartUpdateDocumentBatch,https://craigdemo.thereforeonline.com/theservice/v0001/restun/help/operations/StartUpdateDocumentBatch
StartViewingSession,/StartViewingSession,POST,https://craigdemo.thereforeonline.com/theservice/v0001/restun/StartViewingSession,https://craigdemo.thereforeonline.com/theservice/v0001/restun/help/operations/StartViewingSession
StartWorkflowInstance,/StartWorkflowInstance,POST,https://craigdemo.thereforeonline.com/theservice/v0001/restun/StartWorkflowInstance,https://craigdemo.thereforeonline.com/theservice/v0001/restun/help/operations/StartWorkflowInstance
StopViewingSession,/StopViewingSession,POST,https://craigdemo.thereforeonline.com/theservice/v0001/restun/StopViewingSession,https://craigdemo.thereforeonline.com/theservice/v0001/restun/help/operations/StopViewingSession
SubmitCreateDocumentBatch,/SubmitCreateDocumentBatch,POST,https://craigdemo.thereforeonline.com/theservice/v0001/restun/SubmitCreateDocumentBatch,https://craigdemo.thereforeonline.com/theservice/v0001/restun/help/operations/SubmitCreateDocumentBatch
SubmitEForm,/SubmitEForm,POST,https://craigdemo.thereforeonline.com/theservice/v0001/restun/SubmitEForm,https://craigdemo.thereforeonline.com/theservice/v0001/restun/help/operations/SubmitEForm
SubmitUpdateDocumentBatch,/SubmitUpdateDocumentBatch,POST,https://craigdemo.thereforeonline.com/theservice/v0001/restun/SubmitUpdateDocumentBatch,https://craigdemo.thereforeonline.com/theservice/v0001/restun/help/operations/SubmitUpdateDocumentBatch
SyncReferencedWebService,/SyncReferencedWebService,POST,https://craigdemo.thereforeonline.com/theservice/v0001/restun/SyncReferencedWebService,https://craigdemo.thereforeonline.com/theservice/v0001/restun/help/operations/SyncReferencedWebService
TestCheckOutDocument,/TestCheckOutDocument,POST,https://craigdemo.thereforeonline.com/theservice/v0001/restun/TestCheckOutDocument,https://craigdemo.thereforeonline.com/theservice/v0001/restun/help/operations/TestCheckOutDocument
UndoCheckOutDocument,/UndoCheckOutDocument,POST,https://craigdemo.thereforeonline.com/theservice/v0001/restun/UndoCheckOutDocument,https://craigdemo.thereforeonline.com/theservice/v0001/restun/help/operations/UndoCheckOutDocument
UnlinkCases,/UnlinkCases,POST,https://craigdemo.thereforeonline.com/theservice/v0001/restun/UnlinkCases,https://craigdemo.thereforeonline.com/theservice/v0001/restun/help/operations/UnlinkCases
UnlinkDocAndWFInstance,/UnlinkDocAndWFInstance,POST,https://craigdemo.thereforeonline.com/theservice/v0001/restun/UnlinkDocAndWFInstance,https://craigdemo.thereforeonline.com/theservice/v0001/restun/help/operations/UnlinkDocAndWFInstance
UnlinkDocuments,/UnlinkDocuments,POST,https://craigdemo.thereforeonline.com/theservice/v0001/restun/UnlinkDocuments,https://craigdemo.thereforeonline.com/theservice/v0001/restun/help/operations/UnlinkDocuments
UpdateDictionaryKeyword,/UpdateDictionaryKeyword,POST,https://craigdemo.thereforeonline.com/theservice/v0001/restun/UpdateDictionaryKeyword,https://craigdemo.thereforeonline.com/theservice/v0001/restun/help/operations/UpdateDictionaryKeyword
UpdateDocument,/UpdateDocument,POST,https://craigdemo.thereforeonline.com/theservice/v0001/restun/UpdateDocument,https://craigdemo.thereforeonline.com/theservice/v0001/restun/help/operations/UpdateDocument
UpdateDocument2,/UpdateDocument2,POST,https://craigdemo.thereforeonline.com/theservice/v0001/restun/UpdateDocument2,https://craigdemo.thereforeonline.com/theservice/v0001/restun/help/operations/UpdateDocument2
UpdateQuery,/UpdateQuery,POST,https://craigdemo.thereforeonline.com/theservice/v0001/restun/UpdateQuery,https://craigdemo.thereforeonline.com/theservice/v0001/restun/help/operations/UpdateQuery
UpdateRole,/UpdateRole,POST,https://craigdemo.thereforeonline.com/theservice/v0001/restun/UpdateRole,https://craigdemo.thereforeonline.com/theservice/v0001/restun/help/operations/UpdateRole
UpdateRoleAssignments,/UpdateRoleAssignments,POST,https://craigdemo.thereforeonline.com/theservice/v0001/restun/UpdateRoleAssignments,https://craigdemo.thereforeonline.com/theservice/v0001/restun/help/operations/UpdateRoleAssignments
UpdateSharedLink,/UpdateSharedLink,POST,https://craigdemo.thereforeonline.com/theservice/v0001/restun/UpdateSharedLink,https://craigdemo.thereforeonline.com/theservice/v0001/restun/help/operations/UpdateSharedLink
UpdateTask,/UpdateTask,POST,https://craigdemo.thereforeonline.com/theservice/v0001/restun/UpdateTask,https://craigdemo.thereforeonline.com/theservice/v0001/restun/help/operations/UpdateTask
UpdateTask2,/UpdateTask2,POST,https://craigdemo.thereforeonline.com/theservice/v0001/restun/UpdateTask2,https://craigdemo.thereforeonline.com/theservice/v0001/restun/help/operations/UpdateTask2
UpdateTaskComment,/UpdateTaskComment,POST,https://craigdemo.thereforeonline.com/theservice/v0001/restun/UpdateTaskComment,https://craigdemo.thereforeonline.com/theservice/v0001/restun/help/operations/UpdateTaskComment
UpdateUserGroupAssignment,/UpdateUserGroupAssignment,POST,https://craigdemo.thereforeonline.com/theservice/v0001/restun/UpdateUserGroupAssignment,https://craigdemo.thereforeonline.com/theservice/v0001/restun/help/operations/UpdateUserGroupAssignment
UploadDocStreamToBatch,/UploadDocStreamToBatch,POST,https://craigdemo.thereforeonline.com/theservice/v0001/restun/UploadDocStreamToBatch,https://craigdemo.thereforeonline.com/theservice/v0001/restun/help/operations/UploadDocStreamToBatch
UploadEFormFile,/UploadEFormFile,POST,https://craigdemo.thereforeonline.com/theservice/v0001/restun/UploadEFormFile,https://craigdemo.thereforeonline.com/theservice/v0001/restun/help/operations/UploadEFormFile
UploadSessionAppendChunkRaw,/UploadSessionAppendChunkRaw,POST,https://craigdemo.thereforeonline.com/theservice/v0001/restun/UploadSessionAppendChunkRaw,https://craigdemo.thereforeonline.com/theservice/v0001/restun/help/operations/UploadSessionAppendChunkRaw
UploadSessionStart,/UploadSessionStart,POST,https://craigdemo.thereforeonline.com/theservice/v0001/restun/UploadSessionStart,https://craigdemo.thereforeonline.com/theservice/v0001/restun/help/operations/UploadSessionStart
ValidateFields,/ValidateFields,POST,https://craigdemo.thereforeonline.com/theservice/v0001/restun/ValidateFields,https://craigdemo.thereforeonline.com/theservice/v0001/restun/help/operations/ValidateFields
ValidateKeywords,/ValidateKeywords,POST,https://craigdemo.thereforeonline.com/theservice/v0001/restun/ValidateKeywords,https://craigdemo.thereforeonline.com/theservice/v0001/restun/help/operations/ValidateKeywords
VerifyReCaptchaToken,/VerifyReCaptchaToken,POST,https://craigdemo.thereforeonline.com/theservice/v0001/restun/VerifyReCaptchaToken,https://craigdemo.thereforeonline.com/theservice/v0001/restun/help/operations/VerifyReCaptchaToken
WaitForMfaConfirmation,/WaitForMfaConfirmation,POST,https://craigdemo.thereforeonline.com/theservice/v0001/restun/WaitForMfaConfirmation,https://craigdemo.thereforeonline.com/theservice/v0001/restun/help/operations/WaitForMfaConfirmation
WriteOperationToLog,/WriteOperationToLog,POST,https://craigdemo.thereforeonline.com/theservice/v0001/restun/WriteOperationToLog,https://craigdemo.thereforeonline.com/theservice/v0001/restun/help/operations/WriteOperationToLog
{STREAMNO},{tenant}/documents/{docNo}/{versionNo}/streams/{streamNo},GET,https://craigdemo.thereforeonline.com/theservice/v0001/restun/{TENANT}/documents/{DOCNO}/{VERSIONNO}/streams/{STREAMNO},https://craigdemo.thereforeonline.com/theservice/v0001/restun/help/operations/GetDocumentStreamFile
?reason={RETRIEVEREASON},{tenant}/documents/{docNo}/{versionNo}/streams/{streamNo}/,GET,https://craigdemo.thereforeonline.com/theservice/v0001/restun/{TENANT}/documents/{DOCNO}/{VERSIONNO}/streams/{STREAMNO}/?reason={RETRIEVEREASON},https://craigdemo.thereforeonline.com/theservice/v0001/restun/help/operations/GetDocumentStreamFile2
{SCODE},Confirm2FACode/{sReqId}/{sCode},GET,https://craigdemo.thereforeonline.com/theservice/v0001/restun/Confirm2FACode/{SREQID}/{SCODE},https://craigdemo.thereforeonline.com/theservice/v0001/restun/help/operations/Confirm2FACode2
{STENANT},Confirm2FACode/{sReqId}/{sCode}/{sTenant},GET,https://craigdemo.thereforeonline.com/theservice/v0001/restun/Confirm2FACode/{SREQID}/{SCODE}/{STENANT},https://craigdemo.thereforeonline.com/theservice/v0001/restun/help/operations/Confirm2FACode
GetSystemCustomerId,GetSystemCustomerId,GET,https://craigdemo.thereforeonline.com/theservice/v0001/restun/GetSystemCustomerId,https://craigdemo.thereforeonline.com/theservice/v0001/restun/help/operations/GetSystemCustomerId
{SFILEID},GetUploadedEFormFile/{sTenant}/{sFileId},GET,https://craigdemo.thereforeonline.com/theservice/v0001/restun/GetUploadedEFormFile/{STENANT}/{SFILEID},https://craigdemo.thereforeonline.com/theservice/v0001/restun/help/operations/GetUploadedEFormFile
HealthCheck,HealthCheck,GET,https://craigdemo.thereforeonline.com/theservice/v0001/restun/HealthCheck,https://craigdemo.thereforeonline.com/theservice/v0001/restun/help/operations/HealthCheck
